patient,status,sample,bam,bai
ID34,0,ID34,/cfs/klemming/projects/snic/sllstore2017078/lech/RR/scAnalysis/single_cell_gal7b/count_arc/ID34/outs/atac_possorted_bam.bam,/cfs/klemming/projects/snic/sllstore2017078/lech/RR/scAnalysis/single_cell_gal7b/count_arc/ID34/outs/atac_possorted_bam.bam.bai
ID30,0,ID30,/cfs/klemming/projects/snic/sllstore2017078/lech/RR/scAnalysis/single_cell_gal7b/count_arc/ID30/outs/atac_possorted_bam.bam,/cfs/klemming/projects/snic/sllstore2017078/lech/RR/scAnalysis/single_cell_gal7b/count_arc/ID30/outs/atac_possorted_bam.bam.bai
ID10,0,ID10,/cfs/klemming/projects/snic/sllstore2017078/lech/RR/scAnalysis/single_cell_gal7b/count_arc/ID10/outs/atac_possorted_bam.bam,/cfs/klemming/projects/snic/sllstore2017078/lech/RR/scAnalysis/single_cell_gal7b/count_arc/ID10/outs/atac_possorted_bam.bam.bai
ID32,0,ID32,/cfs/klemming/projects/snic/sllstore2017078/lech/RR/scAnalysis/single_cell_gal7b/count_arc/ID32/outs/atac_possorted_bam.bam,/cfs/klemming/projects/snic/sllstore2017078/lech/RR/scAnalysis/single_cell_gal7b/count_arc/ID32/outs/atac_possorted_bam.bam.bai
ID13,0,ID13,/cfs/klemming/projects/snic/sllstore2017078/lech/RR/scAnalysis/single_cell_gal7b/count_arc/ID13/outs/atac_possorted_bam.bam,/cfs/klemming/projects/snic/sllstore2017078/lech/RR/scAnalysis/single_cell_gal7b/count_arc/ID13/outs/atac_possorted_bam.bam.bai
ID42,0,ID42,/cfs/klemming/projects/snic/sllstore2017078/lech/RR/scAnalysis/single_cell_gal7b/count_arc/ID42/outs/atac_possorted_bam.bam,/cfs/klemming/projects/snic/sllstore2017078/lech/RR/scAnalysis/single_cell_gal7b/count_arc/ID42/outs/atac_possorted_bam.bam.bai
ID31,0,ID31,/cfs/klemming/projects/snic/sllstore2017078/lech/RR/scAnalysis/single_cell_gal7b/count_arc/ID31/outs/atac_possorted_bam.bam,/cfs/klemming/projects/snic/sllstore2017078/lech/RR/scAnalysis/single_cell_gal7b/count_arc/ID31/outs/atac_possorted_bam.bam.bai
ID28,0,ID28,/cfs/klemming/projects/snic/sllstore2017078/lech/RR/scAnalysis/single_cell_gal7b/count_arc/ID28/outs/atac_possorted_bam.bam,/cfs/klemming/projects/snic/sllstore2017078/lech/RR/scAnalysis/single_cell_gal7b/count_arc/ID28/outs/atac_possorted_bam.bam.bai
ID39,0,ID39,/cfs/klemming/projects/snic/sllstore2017078/lech/RR/scAnalysis/single_cell_gal7b/count_arc/ID39/outs/atac_possorted_bam.bam,/cfs/klemming/projects/snic/sllstore2017078/lech/RR/scAnalysis/single_cell_gal7b/count_arc/ID39/outs/atac_possorted_bam.bam.bai
ID45,0,ID45,/cfs/klemming/projects/snic/sllstore2017078/lech/RR/scAnalysis/single_cell_gal7b/count_arc/ID45/outs/atac_possorted_bam.bam,/cfs/klemming/projects/snic/sllstore2017078/lech/RR/scAnalysis/single_cell_gal7b/count_arc/ID45/outs/atac_possorted_bam.bam.bai
ID25,0,ID25,/cfs/klemming/projects/snic/sllstore2017078/lech/RR/scAnalysis/single_cell_gal7b/count_arc/ID25/outs/atac_possorted_bam.bam,/cfs/klemming/projects/snic/sllstore2017078/lech/RR/scAnalysis/single_cell_gal7b/count_arc/ID25/outs/atac_possorted_bam.bam.bai
ID17,0,ID17,/cfs/klemming/projects/snic/sllstore2017078/lech/RR/scAnalysis/single_cell_gal7b/count_arc/ID17/outs/atac_possorted_bam.bam,/cfs/klemming/projects/snic/sllstore2017078/lech/RR/scAnalysis/single_cell_gal7b/count_arc/ID17/outs/atac_possorted_bam.bam.bai
ID11,0,ID11,/cfs/klemming/projects/snic/sllstore2017078/lech/RR/scAnalysis/single_cell_gal7b/count_arc/ID11/outs/atac_possorted_bam.bam,/cfs/klemming/projects/snic/sllstore2017078/lech/RR/scAnalysis/single_cell_gal7b/count_arc/ID11/outs/atac_possorted_bam.bam.bai
ID44,0,ID44,/cfs/klemming/projects/snic/sllstore2017078/lech/RR/scAnalysis/single_cell_gal7b/count_arc/ID44/outs/atac_possorted_bam.bam,/cfs/klemming/projects/snic/sllstore2017078/lech/RR/scAnalysis/single_cell_gal7b/count_arc/ID44/outs/atac_possorted_bam.bam.bai
ID20,0,ID20,/cfs/klemming/projects/snic/sllstore2017078/lech/RR/scAnalysis/single_cell_gal7b/count_arc/ID20/outs/atac_possorted_bam.bam,/cfs/klemming/projects/snic/sllstore2017078/lech/RR/scAnalysis/single_cell_gal7b/count_arc/ID20/outs/atac_possorted_bam.bam.bai
ID2,0,ID2,/cfs/klemming/projects/snic/sllstore2017078/lech/RR/scAnalysis/single_cell_gal7b/count_arc/ID2/outs/atac_possorted_bam.bam,/cfs/klemming/projects/snic/sllstore2017078/lech/RR/scAnalysis/single_cell_gal7b/count_arc/ID2/outs/atac_possorted_bam.bam.bai
ID1,0,ID1,/cfs/klemming/projects/snic/sllstore2017078/lech/RR/scAnalysis/single_cell_gal7b/count_arc/ID1/outs/atac_possorted_bam.bam,/cfs/klemming/projects/snic/sllstore2017078/lech/RR/scAnalysis/single_cell_gal7b/count_arc/ID1/outs/atac_possorted_bam.bam.bai
ID36,0,ID36,/cfs/klemming/projects/snic/sllstore2017078/lech/RR/scAnalysis/single_cell_gal7b/count_arc/ID36/outs/atac_possorted_bam.bam,/cfs/klemming/projects/snic/sllstore2017078/lech/RR/scAnalysis/single_cell_gal7b/count_arc/ID36/outs/atac_possorted_bam.bam.bai
ID35,0,ID35,/cfs/klemming/projects/snic/sllstore2017078/lech/RR/scAnalysis/single_cell_gal7b/count_arc/ID35/outs/atac_possorted_bam.bam,/cfs/klemming/projects/snic/sllstore2017078/lech/RR/scAnalysis/single_cell_gal7b/count_arc/ID35/outs/atac_possorted_bam.bam.bai
ID43,0,ID43,/cfs/klemming/projects/snic/sllstore2017078/lech/RR/scAnalysis/single_cell_gal7b/count_arc/ID43/outs/atac_possorted_bam.bam,/cfs/klemming/projects/snic/sllstore2017078/lech/RR/scAnalysis/single_cell_gal7b/count_arc/ID43/outs/atac_possorted_bam.bam.bai
ID24,0,ID24,/cfs/klemming/projects/snic/sllstore2017078/lech/RR/scAnalysis/single_cell_gal7b/count_arc/ID24/outs/atac_possorted_bam.bam,/cfs/klemming/projects/snic/sllstore2017078/lech/RR/scAnalysis/single_cell_gal7b/count_arc/ID24/outs/atac_possorted_bam.bam.bai
ID8,0,ID8,/cfs/klemming/projects/snic/sllstore2017078/lech/RR/scAnalysis/single_cell_gal7b/count_arc/ID8/outs/atac_possorted_bam.bam,/cfs/klemming/projects/snic/sllstore2017078/lech/RR/scAnalysis/single_cell_gal7b/count_arc/ID8/outs/atac_possorted_bam.bam.bai
ID16,0,ID16,/cfs/klemming/projects/snic/sllstore2017078/lech/RR/scAnalysis/single_cell_gal7b/count_arc/ID16/outs/atac_possorted_bam.bam,/cfs/klemming/projects/snic/sllstore2017078/lech/RR/scAnalysis/single_cell_gal7b/count_arc/ID16/outs/atac_possorted_bam.bam.bai
ID14,0,ID14,/cfs/klemming/projects/snic/sllstore2017078/lech/RR/scAnalysis/single_cell_gal7b/count_arc/ID14/outs/atac_possorted_bam.bam,/cfs/klemming/projects/snic/sllstore2017078/lech/RR/scAnalysis/single_cell_gal7b/count_arc/ID14/outs/atac_possorted_bam.bam.bai
ID41,0,ID41,/cfs/klemming/projects/snic/sllstore2017078/lech/RR/scAnalysis/single_cell_gal7b/count_arc/ID41/outs/atac_possorted_bam.bam,/cfs/klemming/projects/snic/sllstore2017078/lech/RR/scAnalysis/single_cell_gal7b/count_arc/ID41/outs/atac_possorted_bam.bam.bai
ID22,0,ID22,/cfs/klemming/projects/snic/sllstore2017078/lech/RR/scAnalysis/single_cell_gal7b/count_arc/ID22/outs/atac_possorted_bam.bam,/cfs/klemming/projects/snic/sllstore2017078/lech/RR/scAnalysis/single_cell_gal7b/count_arc/ID22/outs/atac_possorted_bam.bam.bai
ID37,0,ID37,/cfs/klemming/projects/snic/sllstore2017078/lech/RR/scAnalysis/single_cell_gal7b/count_arc/ID37/outs/atac_possorted_bam.bam,/cfs/klemming/projects/snic/sllstore2017078/lech/RR/scAnalysis/single_cell_gal7b/count_arc/ID37/outs/atac_possorted_bam.bam.bai
ID12,0,ID12,/cfs/klemming/projects/snic/sllstore2017078/lech/RR/scAnalysis/single_cell_gal7b/count_arc/ID12/outs/atac_possorted_bam.bam,/cfs/klemming/projects/snic/sllstore2017078/lech/RR/scAnalysis/single_cell_gal7b/count_arc/ID12/outs/atac_possorted_bam.bam.bai
ID27,0,ID27,/cfs/klemming/projects/snic/sllstore2017078/lech/RR/scAnalysis/single_cell_gal7b/count_arc/ID27/outs/atac_possorted_bam.bam,/cfs/klemming/projects/snic/sllstore2017078/lech/RR/scAnalysis/single_cell_gal7b/count_arc/ID27/outs/atac_possorted_bam.bam.bai
ID19,0,ID19,/cfs/klemming/projects/snic/sllstore2017078/lech/RR/scAnalysis/single_cell_gal7b/count_arc/ID19/outs/atac_possorted_bam.bam,/cfs/klemming/projects/snic/sllstore2017078/lech/RR/scAnalysis/single_cell_gal7b/count_arc/ID19/outs/atac_possorted_bam.bam.bai
ID23,0,ID23,/cfs/klemming/projects/snic/sllstore2017078/lech/RR/scAnalysis/single_cell_gal7b/count_arc/ID23/outs/atac_possorted_bam.bam,/cfs/klemming/projects/snic/sllstore2017078/lech/RR/scAnalysis/single_cell_gal7b/count_arc/ID23/outs/atac_possorted_bam.bam.bai
ID15,0,ID15,/cfs/klemming/projects/snic/sllstore2017078/lech/RR/scAnalysis/single_cell_gal7b/count_arc/ID15/outs/atac_possorted_bam.bam,/cfs/klemming/projects/snic/sllstore2017078/lech/RR/scAnalysis/single_cell_gal7b/count_arc/ID15/outs/atac_possorted_bam.bam.bai
ID26,0,ID26,/cfs/klemming/projects/snic/sllstore2017078/lech/RR/scAnalysis/single_cell_gal7b/count_arc/ID26/outs/atac_possorted_bam.bam,/cfs/klemming/projects/snic/sllstore2017078/lech/RR/scAnalysis/single_cell_gal7b/count_arc/ID26/outs/atac_possorted_bam.bam.bai
ID4,0,ID4,/cfs/klemming/projects/snic/sllstore2017078/lech/RR/scAnalysis/single_cell_gal7b/count_arc/ID4/outs/atac_possorted_bam.bam,/cfs/klemming/projects/snic/sllstore2017078/lech/RR/scAnalysis/single_cell_gal7b/count_arc/ID4/outs/atac_possorted_bam.bam.bai
ID40,0,ID40,/cfs/klemming/projects/snic/sllstore2017078/lech/RR/scAnalysis/single_cell_gal7b/count_arc/ID40/outs/atac_possorted_bam.bam,/cfs/klemming/projects/snic/sllstore2017078/lech/RR/scAnalysis/single_cell_gal7b/count_arc/ID40/outs/atac_possorted_bam.bam.bai
ID5,0,ID5,/cfs/klemming/projects/snic/sllstore2017078/lech/RR/scAnalysis/single_cell_gal7b/count_arc/ID5/outs/atac_possorted_bam.bam,/cfs/klemming/projects/snic/sllstore2017078/lech/RR/scAnalysis/single_cell_gal7b/count_arc/ID5/outs/atac_possorted_bam.bam.bai
ID38,0,ID38,/cfs/klemming/projects/snic/sllstore2017078/lech/RR/scAnalysis/single_cell_gal7b/count_arc/ID38/outs/atac_possorted_bam.bam,/cfs/klemming/projects/snic/sllstore2017078/lech/RR/scAnalysis/single_cell_gal7b/count_arc/ID38/outs/atac_possorted_bam.bam.bai
ID46,0,ID46,/cfs/klemming/projects/snic/sllstore2017078/lech/RR/scAnalysis/single_cell_gal7b/count_arc/ID46/outs/atac_possorted_bam.bam,/cfs/klemming/projects/snic/sllstore2017078/lech/RR/scAnalysis/single_cell_gal7b/count_arc/ID46/outs/atac_possorted_bam.bam.bai
ID29,0,ID29,/cfs/klemming/projects/snic/sllstore2017078/lech/RR/scAnalysis/single_cell_gal7b/count_arc/ID29/outs/atac_possorted_bam.bam,/cfs/klemming/projects/snic/sllstore2017078/lech/RR/scAnalysis/single_cell_gal7b/count_arc/ID29/outs/atac_possorted_bam.bam.bai
ID33,0,ID33,/cfs/klemming/projects/snic/sllstore2017078/lech/RR/scAnalysis/single_cell_gal7b/count_arc/ID33/outs/atac_possorted_bam.bam,/cfs/klemming/projects/snic/sllstore2017078/lech/RR/scAnalysis/single_cell_gal7b/count_arc/ID33/outs/atac_possorted_bam.bam.bai
ID21,0,ID21,/cfs/klemming/projects/snic/sllstore2017078/lech/RR/scAnalysis/single_cell_gal7b/count_arc/ID21/outs/atac_possorted_bam.bam,/cfs/klemming/projects/snic/sllstore2017078/lech/RR/scAnalysis/single_cell_gal7b/count_arc/ID21/outs/atac_possorted_bam.bam.bai
ID18,0,ID18,/cfs/klemming/projects/snic/sllstore2017078/lech/RR/scAnalysis/single_cell_gal7b/count_arc/ID18/outs/atac_possorted_bam.bam,/cfs/klemming/projects/snic/sllstore2017078/lech/RR/scAnalysis/single_cell_gal7b/count_arc/ID18/outs/atac_possorted_bam.bam.bai
ID6,0,ID6,/cfs/klemming/projects/snic/sllstore2017078/lech/RR/scAnalysis/single_cell_gal7b/count_arc/ID6/outs/atac_possorted_bam.bam,/cfs/klemming/projects/snic/sllstore2017078/lech/RR/scAnalysis/single_cell_gal7b/count_arc/ID6/outs/atac_possorted_bam.bam.bai
ID7,0,ID7,/cfs/klemming/projects/snic/sllstore2017078/lech/RR/scAnalysis/single_cell_gal7b/count_arc/ID7/outs/atac_possorted_bam.bam,/cfs/klemming/projects/snic/sllstore2017078/lech/RR/scAnalysis/single_cell_gal7b/count_arc/ID7/outs/atac_possorted_bam.bam.bai
ID3,0,ID3,/cfs/klemming/projects/snic/sllstore2017078/lech/RR/scAnalysis/single_cell_gal7b/count_arc/ID7/outs/atac_possorted_bam.bam,/cfs/klemming/projects/snic/sllstore2017078/lech/RR/scAnalysis/single_cell_gal7b/count_arc/ID3/outs/atac_possorted_bam.bam.bai