ID34,ID34,/cfs/klemming/projects/snic/sllstore2017078/lech/RR/scAnalysis/single_cell_gal7b/count_arc/ID34/outs/gex_possorted_bam.bam,/cfs/klemming/projects/snic/sllstore2017078/lech/RR/scAnalysis/single_cell_gal7b/count_arc/ID34/outs/gex_possorted_bam.bam.bai
ID30,ID30,/cfs/klemming/projects/snic/sllstore2017078/lech/RR/scAnalysis/single_cell_gal7b/count_arc/ID30/outs/gex_possorted_bam.bam,/cfs/klemming/projects/snic/sllstore2017078/lech/RR/scAnalysis/single_cell_gal7b/count_arc/ID30/outs/gex_possorted_bam.bam.bai
ID10,ID10,/cfs/klemming/projects/snic/sllstore2017078/lech/RR/scAnalysis/single_cell_gal7b/count_arc/ID10/outs/gex_possorted_bam.bam,/cfs/klemming/projects/snic/sllstore2017078/lech/RR/scAnalysis/single_cell_gal7b/count_arc/ID10/outs/gex_possorted_bam.bam.bai
ID32,ID32,/cfs/klemming/projects/snic/sllstore2017078/lech/RR/scAnalysis/single_cell_gal7b/count_arc/ID32/outs/gex_possorted_bam.bam,/cfs/klemming/projects/snic/sllstore2017078/lech/RR/scAnalysis/single_cell_gal7b/count_arc/ID32/outs/gex_possorted_bam.bam.bai
ID13,ID13,/cfs/klemming/projects/snic/sllstore2017078/lech/RR/scAnalysis/single_cell_gal7b/count_arc/ID13/outs/gex_possorted_bam.bam,/cfs/klemming/projects/snic/sllstore2017078/lech/RR/scAnalysis/single_cell_gal7b/count_arc/ID13/outs/gex_possorted_bam.bam.bai
ID42,ID42,/cfs/klemming/projects/snic/sllstore2017078/lech/RR/scAnalysis/single_cell_gal7b/count_arc/ID42/outs/gex_possorted_bam.bam,/cfs/klemming/projects/snic/sllstore2017078/lech/RR/scAnalysis/single_cell_gal7b/count_arc/ID42/outs/gex_possorted_bam.bam.bai
ID31,ID31,/cfs/klemming/projects/snic/sllstore2017078/lech/RR/scAnalysis/single_cell_gal7b/count_arc/ID31/outs/gex_possorted_bam.bam,/cfs/klemming/projects/snic/sllstore2017078/lech/RR/scAnalysis/single_cell_gal7b/count_arc/ID31/outs/gex_possorted_bam.bam.bai
ID28,ID28,/cfs/klemming/projects/snic/sllstore2017078/lech/RR/scAnalysis/single_cell_gal7b/count_arc/ID28/outs/gex_possorted_bam.bam,/cfs/klemming/projects/snic/sllstore2017078/lech/RR/scAnalysis/single_cell_gal7b/count_arc/ID28/outs/gex_possorted_bam.bam.bai
ID39,ID39,/cfs/klemming/projects/snic/sllstore2017078/lech/RR/scAnalysis/single_cell_gal7b/count_arc/ID39/outs/gex_possorted_bam.bam,/cfs/klemming/projects/snic/sllstore2017078/lech/RR/scAnalysis/single_cell_gal7b/count_arc/ID39/outs/gex_possorted_bam.bam.bai
ID45,ID45,/cfs/klemming/projects/snic/sllstore2017078/lech/RR/scAnalysis/single_cell_gal7b/count_arc/ID45/outs/gex_possorted_bam.bam,/cfs/klemming/projects/snic/sllstore2017078/lech/RR/scAnalysis/single_cell_gal7b/count_arc/ID45/outs/gex_possorted_bam.bam.bai
ID25,ID25,/cfs/klemming/projects/snic/sllstore2017078/lech/RR/scAnalysis/single_cell_gal7b/count_arc/ID25/outs/gex_possorted_bam.bam,/cfs/klemming/projects/snic/sllstore2017078/lech/RR/scAnalysis/single_cell_gal7b/count_arc/ID25/outs/gex_possorted_bam.bam.bai
ID17,ID17,/cfs/klemming/projects/snic/sllstore2017078/lech/RR/scAnalysis/single_cell_gal7b/count_arc/ID17/outs/gex_possorted_bam.bam,/cfs/klemming/projects/snic/sllstore2017078/lech/RR/scAnalysis/single_cell_gal7b/count_arc/ID17/outs/gex_possorted_bam.bam.bai
ID11,ID11,/cfs/klemming/projects/snic/sllstore2017078/lech/RR/scAnalysis/single_cell_gal7b/count_arc/ID11/outs/gex_possorted_bam.bam,/cfs/klemming/projects/snic/sllstore2017078/lech/RR/scAnalysis/single_cell_gal7b/count_arc/ID11/outs/gex_possorted_bam.bam.bai
ID44,ID44,/cfs/klemming/projects/snic/sllstore2017078/lech/RR/scAnalysis/single_cell_gal7b/count_arc/ID44/outs/gex_possorted_bam.bam,/cfs/klemming/projects/snic/sllstore2017078/lech/RR/scAnalysis/single_cell_gal7b/count_arc/ID44/outs/gex_possorted_bam.bam.bai
ID20,ID20,/cfs/klemming/projects/snic/sllstore2017078/lech/RR/scAnalysis/single_cell_gal7b/count_arc/ID20/outs/gex_possorted_bam.bam,/cfs/klemming/projects/snic/sllstore2017078/lech/RR/scAnalysis/single_cell_gal7b/count_arc/ID20/outs/gex_possorted_bam.bam.bai
ID2,ID2,/cfs/klemming/projects/snic/sllstore2017078/lech/RR/scAnalysis/single_cell_gal7b/count_arc/ID2/outs/gex_possorted_bam.bam,/cfs/klemming/projects/snic/sllstore2017078/lech/RR/scAnalysis/single_cell_gal7b/count_arc/ID2/outs/gex_possorted_bam.bam.bai
ID1,ID1,/cfs/klemming/projects/snic/sllstore2017078/lech/RR/scAnalysis/single_cell_gal7b/count_arc/ID1/outs/gex_possorted_bam.bam,/cfs/klemming/projects/snic/sllstore2017078/lech/RR/scAnalysis/single_cell_gal7b/count_arc/ID1/outs/gex_possorted_bam.bam.bai
ID36,ID36,/cfs/klemming/projects/snic/sllstore2017078/lech/RR/scAnalysis/single_cell_gal7b/count_arc/ID36/outs/gex_possorted_bam.bam,/cfs/klemming/projects/snic/sllstore2017078/lech/RR/scAnalysis/single_cell_gal7b/count_arc/ID36/outs/gex_possorted_bam.bam.bai
ID35,ID35,/cfs/klemming/projects/snic/sllstore2017078/lech/RR/scAnalysis/single_cell_gal7b/count_arc/ID35/outs/gex_possorted_bam.bam,/cfs/klemming/projects/snic/sllstore2017078/lech/RR/scAnalysis/single_cell_gal7b/count_arc/ID35/outs/gex_possorted_bam.bam.bai
ID43,ID43,/cfs/klemming/projects/snic/sllstore2017078/lech/RR/scAnalysis/single_cell_gal7b/count_arc/ID43/outs/gex_possorted_bam.bam,/cfs/klemming/projects/snic/sllstore2017078/lech/RR/scAnalysis/single_cell_gal7b/count_arc/ID43/outs/gex_possorted_bam.bam.bai
ID24,ID24,/cfs/klemming/projects/snic/sllstore2017078/lech/RR/scAnalysis/single_cell_gal7b/count_arc/ID24/outs/gex_possorted_bam.bam,/cfs/klemming/projects/snic/sllstore2017078/lech/RR/scAnalysis/single_cell_gal7b/count_arc/ID24/outs/gex_possorted_bam.bam.bai
ID8,ID8,/cfs/klemming/projects/snic/sllstore2017078/lech/RR/scAnalysis/single_cell_gal7b/count_arc/ID8/outs/gex_possorted_bam.bam,/cfs/klemming/projects/snic/sllstore2017078/lech/RR/scAnalysis/single_cell_gal7b/count_arc/ID8/outs/gex_possorted_bam.bam.bai
ID16,ID16,/cfs/klemming/projects/snic/sllstore2017078/lech/RR/scAnalysis/single_cell_gal7b/count_arc/ID16/outs/gex_possorted_bam.bam,/cfs/klemming/projects/snic/sllstore2017078/lech/RR/scAnalysis/single_cell_gal7b/count_arc/ID16/outs/gex_possorted_bam.bam.bai
ID14,ID14,/cfs/klemming/projects/snic/sllstore2017078/lech/RR/scAnalysis/single_cell_gal7b/count_arc/ID14/outs/gex_possorted_bam.bam,/cfs/klemming/projects/snic/sllstore2017078/lech/RR/scAnalysis/single_cell_gal7b/count_arc/ID14/outs/gex_possorted_bam.bam.bai
ID41,ID41,/cfs/klemming/projects/snic/sllstore2017078/lech/RR/scAnalysis/single_cell_gal7b/count_arc/ID41/outs/gex_possorted_bam.bam,/cfs/klemming/projects/snic/sllstore2017078/lech/RR/scAnalysis/single_cell_gal7b/count_arc/ID41/outs/gex_possorted_bam.bam.bai
ID22,ID22,/cfs/klemming/projects/snic/sllstore2017078/lech/RR/scAnalysis/single_cell_gal7b/count_arc/ID22/outs/gex_possorted_bam.bam,/cfs/klemming/projects/snic/sllstore2017078/lech/RR/scAnalysis/single_cell_gal7b/count_arc/ID22/outs/gex_possorted_bam.bam.bai
ID37,ID37,/cfs/klemming/projects/snic/sllstore2017078/lech/RR/scAnalysis/single_cell_gal7b/count_arc/ID37/outs/gex_possorted_bam.bam,/cfs/klemming/projects/snic/sllstore2017078/lech/RR/scAnalysis/single_cell_gal7b/count_arc/ID37/outs/gex_possorted_bam.bam.bai
ID12,ID12,/cfs/klemming/projects/snic/sllstore2017078/lech/RR/scAnalysis/single_cell_gal7b/count_arc/ID12/outs/gex_possorted_bam.bam,/cfs/klemming/projects/snic/sllstore2017078/lech/RR/scAnalysis/single_cell_gal7b/count_arc/ID12/outs/gex_possorted_bam.bam.bai
ID27,ID27,/cfs/klemming/projects/snic/sllstore2017078/lech/RR/scAnalysis/single_cell_gal7b/count_arc/ID27/outs/gex_possorted_bam.bam,/cfs/klemming/projects/snic/sllstore2017078/lech/RR/scAnalysis/single_cell_gal7b/count_arc/ID27/outs/gex_possorted_bam.bam.bai
ID19,ID19,/cfs/klemming/projects/snic/sllstore2017078/lech/RR/scAnalysis/single_cell_gal7b/count_arc/ID19/outs/gex_possorted_bam.bam,/cfs/klemming/projects/snic/sllstore2017078/lech/RR/scAnalysis/single_cell_gal7b/count_arc/ID19/outs/gex_possorted_bam.bam.bai
ID23,ID23,/cfs/klemming/projects/snic/sllstore2017078/lech/RR/scAnalysis/single_cell_gal7b/count_arc/ID23/outs/gex_possorted_bam.bam,/cfs/klemming/projects/snic/sllstore2017078/lech/RR/scAnalysis/single_cell_gal7b/count_arc/ID23/outs/gex_possorted_bam.bam.bai
ID15,ID15,/cfs/klemming/projects/snic/sllstore2017078/lech/RR/scAnalysis/single_cell_gal7b/count_arc/ID15/outs/gex_possorted_bam.bam,/cfs/klemming/projects/snic/sllstore2017078/lech/RR/scAnalysis/single_cell_gal7b/count_arc/ID15/outs/gex_possorted_bam.bam.bai
ID26,ID26,/cfs/klemming/projects/snic/sllstore2017078/lech/RR/scAnalysis/single_cell_gal7b/count_arc/ID26/outs/gex_possorted_bam.bam,/cfs/klemming/projects/snic/sllstore2017078/lech/RR/scAnalysis/single_cell_gal7b/count_arc/ID26/outs/gex_possorted_bam.bam.bai
ID4,ID4,/cfs/klemming/projects/snic/sllstore2017078/lech/RR/scAnalysis/single_cell_gal7b/count_arc/ID4/outs/gex_possorted_bam.bam,/cfs/klemming/projects/snic/sllstore2017078/lech/RR/scAnalysis/single_cell_gal7b/count_arc/ID4/outs/gex_possorted_bam.bam.bai
ID40,ID40,/cfs/klemming/projects/snic/sllstore2017078/lech/RR/scAnalysis/single_cell_gal7b/count_arc/ID40/outs/gex_possorted_bam.bam,/cfs/klemming/projects/snic/sllstore2017078/lech/RR/scAnalysis/single_cell_gal7b/count_arc/ID40/outs/gex_possorted_bam.bam.bai
ID5,ID5,/cfs/klemming/projects/snic/sllstore2017078/lech/RR/scAnalysis/single_cell_gal7b/count_arc/ID5/outs/gex_possorted_bam.bam,/cfs/klemming/projects/snic/sllstore2017078/lech/RR/scAnalysis/single_cell_gal7b/count_arc/ID5/outs/gex_possorted_bam.bam.bai
ID38,ID38,/cfs/klemming/projects/snic/sllstore2017078/lech/RR/scAnalysis/single_cell_gal7b/count_arc/ID38/outs/gex_possorted_bam.bam,/cfs/klemming/projects/snic/sllstore2017078/lech/RR/scAnalysis/single_cell_gal7b/count_arc/ID38/outs/gex_possorted_bam.bam.bai
ID46,ID46,/cfs/klemming/projects/snic/sllstore2017078/lech/RR/scAnalysis/single_cell_gal7b/count_arc/ID46/outs/gex_possorted_bam.bam,/cfs/klemming/projects/snic/sllstore2017078/lech/RR/scAnalysis/single_cell_gal7b/count_arc/ID46/outs/gex_possorted_bam.bam.bai
ID29,ID29,/cfs/klemming/projects/snic/sllstore2017078/lech/RR/scAnalysis/single_cell_gal7b/count_arc/ID29/outs/gex_possorted_bam.bam,/cfs/klemming/projects/snic/sllstore2017078/lech/RR/scAnalysis/single_cell_gal7b/count_arc/ID29/outs/gex_possorted_bam.bam.bai
ID33,ID33,/cfs/klemming/projects/snic/sllstore2017078/lech/RR/scAnalysis/single_cell_gal7b/count_arc/ID33/outs/gex_possorted_bam.bam,/cfs/klemming/projects/snic/sllstore2017078/lech/RR/scAnalysis/single_cell_gal7b/count_arc/ID33/outs/gex_possorted_bam.bam.bai
ID21,ID21,/cfs/klemming/projects/snic/sllstore2017078/lech/RR/scAnalysis/single_cell_gal7b/count_arc/ID21/outs/gex_possorted_bam.bam,/cfs/klemming/projects/snic/sllstore2017078/lech/RR/scAnalysis/single_cell_gal7b/count_arc/ID21/outs/gex_possorted_bam.bam.bai
ID18,ID18,/cfs/klemming/projects/snic/sllstore2017078/lech/RR/scAnalysis/single_cell_gal7b/count_arc/ID18/outs/gex_possorted_bam.bam,/cfs/klemming/projects/snic/sllstore2017078/lech/RR/scAnalysis/single_cell_gal7b/count_arc/ID18/outs/gex_possorted_bam.bam.bai
ID6,ID6,/cfs/klemming/projects/snic/sllstore2017078/lech/RR/scAnalysis/single_cell_gal7b/count_arc/ID6/outs/gex_possorted_bam.bam,/cfs/klemming/projects/snic/sllstore2017078/lech/RR/scAnalysis/single_cell_gal7b/count_arc/ID6/outs/gex_possorted_bam.bam.bai
ID7,ID7,/cfs/klemming/projects/snic/sllstore2017078/lech/RR/scAnalysis/single_cell_gal7b/count_arc/ID7/outs/gex_possorted_bam.bam,/cfs/klemming/projects/snic/sllstore2017078/lech/RR/scAnalysis/single_cell_gal7b/count_arc/ID7/outs/gex_possorted_bam.bam.bai
