patient,status,sample,lane,fastq_1,fastq_2
id_36,0,id_36,ol,/cfs/klemming/projects/snic/sllstore2017078/single_cell/genomes/all_genomes/Sample_VE-3293-SC36/VE-3293-SC36_S50_L002_R1_001.fastq.gz,/cfs/klemming/projects/snic/sllstore2017078/single_cell/genomes/all_genomes/Sample_VE-3293-SC36/VE-3293-SC36_S50_L002_R2_001.fastq.gz
id_39,0,id_39,ol,/cfs/klemming/projects/snic/sllstore2017078/single_cell/genomes/all_genomes/Sample_VE-3293-SC39/VE-3293-SC39_S53_L002_R1_001.fastq.gz,/cfs/klemming/projects/snic/sllstore2017078/single_cell/genomes/all_genomes/Sample_VE-3293-SC39/VE-3293-SC39_S53_L002_R2_001.fastq.gz
id_19,0,id_19,ol,/cfs/klemming/projects/snic/sllstore2017078/single_cell/genomes/all_genomes/Sample_VE-3293-SC19/VE-3293-SC19_S33_L002_R1_001.fastq.gz,/cfs/klemming/projects/snic/sllstore2017078/single_cell/genomes/all_genomes/Sample_VE-3293-SC19/VE-3293-SC19_S33_L002_R2_001.fastq.gz
id_26,0,id_26,ol,/cfs/klemming/projects/snic/sllstore2017078/single_cell/genomes/all_genomes/Sample_VE-3293-SC26/VE-3293-SC26_S40_L002_R1_001.fastq.gz,/cfs/klemming/projects/snic/sllstore2017078/single_cell/genomes/all_genomes/Sample_VE-3293-SC26/VE-3293-SC26_S40_L002_R2_001.fastq.gz
id_05,0,id_05,ol,/cfs/klemming/projects/snic/sllstore2017078/single_cell/genomes/all_genomes/Sample_VE-3293-SC5/VE-3293-SC5_S20_L002_R1_001.fastq.gz,/cfs/klemming/projects/snic/sllstore2017078/single_cell/genomes/all_genomes/Sample_VE-3293-SC5/VE-3293-SC5_S20_L002_R2_001.fastq.gz
id_21,0,id_21,ol,/cfs/klemming/projects/snic/sllstore2017078/single_cell/genomes/all_genomes/Sample_VE-3293-SC21/VE-3293-SC21_S35_L002_R1_001.fastq.gz,/cfs/klemming/projects/snic/sllstore2017078/single_cell/genomes/all_genomes/Sample_VE-3293-SC21/VE-3293-SC21_S35_L002_R2_001.fastq.gz
id_12,0,id_12,ol,/cfs/klemming/projects/snic/sllstore2017078/single_cell/genomes/all_genomes/Sample_VE-3293-SC12/VE-3293-SC12_S26_L002_R1_001.fastq.gz,/cfs/klemming/projects/snic/sllstore2017078/single_cell/genomes/all_genomes/Sample_VE-3293-SC12/VE-3293-SC12_S26_L002_R2_001.fastq.gz
id_16,0,id_16,ol,/cfs/klemming/projects/snic/sllstore2017078/single_cell/genomes/all_genomes/Sample_VE-3293-SC16/VE-3293-SC16_S30_L002_R1_001.fastq.gz,/cfs/klemming/projects/snic/sllstore2017078/single_cell/genomes/all_genomes/Sample_VE-3293-SC16/VE-3293-SC16_S30_L002_R2_001.fastq.gz
id_45,0,id_45,ol,/cfs/klemming/projects/snic/sllstore2017078/single_cell/genomes/all_genomes/Sample_VE-3293-SC45/VE-3293-SC45_S59_L002_R1_001.fastq.gz,/cfs/klemming/projects/snic/sllstore2017078/single_cell/genomes/all_genomes/Sample_VE-3293-SC45/VE-3293-SC45_S59_L002_R2_001.fastq.gz
id_32,0,id_32,ol,/cfs/klemming/projects/snic/sllstore2017078/single_cell/genomes/all_genomes/Sample_VE-3293-SC32/VE-3293-SC32_S46_L002_R1_001.fastq.gz,/cfs/klemming/projects/snic/sllstore2017078/single_cell/genomes/all_genomes/Sample_VE-3293-SC32/VE-3293-SC32_S46_L002_R2_001.fastq.gz
id_44,0,id_44,ol,/cfs/klemming/projects/snic/sllstore2017078/single_cell/genomes/all_genomes/Sample_VE-3293-SC44/VE-3293-SC44_S58_L002_R1_001.fastq.gz,/cfs/klemming/projects/snic/sllstore2017078/single_cell/genomes/all_genomes/Sample_VE-3293-SC44/VE-3293-SC44_S58_L002_R2_001.fastq.gz
id_42,0,id_42,ol,/cfs/klemming/projects/snic/sllstore2017078/single_cell/genomes/all_genomes/Sample_VE-3293-SC42/VE-3293-SC42_S56_L002_R1_001.fastq.gz,/cfs/klemming/projects/snic/sllstore2017078/single_cell/genomes/all_genomes/Sample_VE-3293-SC42/VE-3293-SC42_S56_L002_R2_001.fastq.gz
id_22,0,id_22,ol,/cfs/klemming/projects/snic/sllstore2017078/single_cell/genomes/all_genomes/Sample_VE-3293-SC22/VE-3293-SC22_S36_L002_R1_001.fastq.gz,/cfs/klemming/projects/snic/sllstore2017078/single_cell/genomes/all_genomes/Sample_VE-3293-SC22/VE-3293-SC22_S36_L002_R2_001.fastq.gz
id_14,0,id_14,ol,/cfs/klemming/projects/snic/sllstore2017078/single_cell/genomes/all_genomes/Sample_VE-3293-SC14/VE-3293-SC14_S28_L002_R1_001.fastq.gz,/cfs/klemming/projects/snic/sllstore2017078/single_cell/genomes/all_genomes/Sample_VE-3293-SC14/VE-3293-SC14_S28_L002_R2_001.fastq.gz
id_23,0,id_23,ol,/cfs/klemming/projects/snic/sllstore2017078/single_cell/genomes/all_genomes/Sample_VE-3293-SC23/VE-3293-SC23_S37_L002_R1_001.fastq.gz,/cfs/klemming/projects/snic/sllstore2017078/single_cell/genomes/all_genomes/Sample_VE-3293-SC23/VE-3293-SC23_S37_L002_R2_001.fastq.gz
id_41,0,id_41,ol,/cfs/klemming/projects/snic/sllstore2017078/single_cell/genomes/all_genomes/Sample_VE-3293-SC41/VE-3293-SC41_S55_L002_R1_001.fastq.gz,/cfs/klemming/projects/snic/sllstore2017078/single_cell/genomes/all_genomes/Sample_VE-3293-SC41/VE-3293-SC41_S55_L002_R2_001.fastq.gz
id_02,0,id_02,ol,/cfs/klemming/projects/snic/sllstore2017078/single_cell/genomes/all_genomes/Sample_VE-3293-SC2/VE-3293-SC2_S17_L002_R1_001.fastq.gz,/cfs/klemming/projects/snic/sllstore2017078/single_cell/genomes/all_genomes/Sample_VE-3293-SC2/VE-3293-SC2_S17_L002_R2_001.fastq.gz
id_29,0,id_29,ol,/cfs/klemming/projects/snic/sllstore2017078/single_cell/genomes/all_genomes/Sample_VE-3293-SC29/VE-3293-SC29_S43_L002_R1_001.fastq.gz,/cfs/klemming/projects/snic/sllstore2017078/single_cell/genomes/all_genomes/Sample_VE-3293-SC29/VE-3293-SC29_S43_L002_R2_001.fastq.gz
id_46,0,id_46,ol,/cfs/klemming/projects/snic/sllstore2017078/single_cell/genomes/all_genomes/Sample_VE-3293-SC46/VE-3293-SC46_S60_L002_R1_001.fastq.gz,/cfs/klemming/projects/snic/sllstore2017078/single_cell/genomes/all_genomes/Sample_VE-3293-SC46/VE-3293-SC46_S60_L002_R2_001.fastq.gz
id_28,0,id_28,ol,/cfs/klemming/projects/snic/sllstore2017078/single_cell/genomes/all_genomes/Sample_VE-3293-SC28/VE-3293-SC28_S42_L002_R1_001.fastq.gz,/cfs/klemming/projects/snic/sllstore2017078/single_cell/genomes/all_genomes/Sample_VE-3293-SC28/VE-3293-SC28_S42_L002_R2_001.fastq.gz
id_08,0,id_08,ol,/cfs/klemming/projects/snic/sllstore2017078/single_cell/genomes/all_genomes/Sample_VE-3293-SC8/VE-3293-SC8_S23_L002_R1_001.fastq.gz,/cfs/klemming/projects/snic/sllstore2017078/single_cell/genomes/all_genomes/Sample_VE-3293-SC8/VE-3293-SC8_S23_L002_R2_001.fastq.gz
id_34,0,id_34,ol,/cfs/klemming/projects/snic/sllstore2017078/single_cell/genomes/all_genomes/Sample_VE-3293-SC34/VE-3293-SC34_S48_L002_R1_001.fastq.gz,/cfs/klemming/projects/snic/sllstore2017078/single_cell/genomes/all_genomes/Sample_VE-3293-SC34/VE-3293-SC34_S48_L002_R2_001.fastq.gz
id_24,0,id_24,ol,/cfs/klemming/projects/snic/sllstore2017078/single_cell/genomes/all_genomes/Sample_VE-3293-SC24/VE-3293-SC24_S38_L002_R1_001.fastq.gz,/cfs/klemming/projects/snic/sllstore2017078/single_cell/genomes/all_genomes/Sample_VE-3293-SC24/VE-3293-SC24_S38_L002_R2_001.fastq.gz
id_30,0,id_30,ol,/cfs/klemming/projects/snic/sllstore2017078/single_cell/genomes/all_genomes/Sample_VE-3293-SC30/VE-3293-SC30_S44_L002_R1_001.fastq.gz,/cfs/klemming/projects/snic/sllstore2017078/single_cell/genomes/all_genomes/Sample_VE-3293-SC30/VE-3293-SC30_S44_L002_R2_001.fastq.gz
id_17,0,id_17,ol,/cfs/klemming/projects/snic/sllstore2017078/single_cell/genomes/all_genomes/Sample_VE-3293-SC17/VE-3293-SC17_S31_L002_R1_001.fastq.gz,/cfs/klemming/projects/snic/sllstore2017078/single_cell/genomes/all_genomes/Sample_VE-3293-SC17/VE-3293-SC17_S31_L002_R2_001.fastq.gz
id_31,0,id_31,ol,/cfs/klemming/projects/snic/sllstore2017078/single_cell/genomes/all_genomes/Sample_VE-3293-SC31/VE-3293-SC31_S45_L002_R1_001.fastq.gz,/cfs/klemming/projects/snic/sllstore2017078/single_cell/genomes/all_genomes/Sample_VE-3293-SC31/VE-3293-SC31_S45_L002_R2_001.fastq.gz
id_37,0,id_37,ol,/cfs/klemming/projects/snic/sllstore2017078/single_cell/genomes/all_genomes/Sample_VE-3293-SC37/VE-3293-SC37_S51_L002_R1_001.fastq.gz,/cfs/klemming/projects/snic/sllstore2017078/single_cell/genomes/all_genomes/Sample_VE-3293-SC37/VE-3293-SC37_S51_L002_R2_001.fastq.gz
id_10,0,id_10,ol,/cfs/klemming/projects/snic/sllstore2017078/single_cell/genomes/all_genomes/Sample_VE-3293-SC10/VE-3293-SC10_S24_L002_R1_001.fastq.gz,/cfs/klemming/projects/snic/sllstore2017078/single_cell/genomes/all_genomes/Sample_VE-3293-SC10/VE-3293-SC10_S24_L002_R2_001.fastq.gz
id_38,0,id_38,ol,/cfs/klemming/projects/snic/sllstore2017078/single_cell/genomes/all_genomes/Sample_VE-3293-SC38/VE-3293-SC38_S52_L002_R1_001.fastq.gz,/cfs/klemming/projects/snic/sllstore2017078/single_cell/genomes/all_genomes/Sample_VE-3293-SC38/VE-3293-SC38_S52_L002_R2_001.fastq.gz
id_11,0,id_11,ol,/cfs/klemming/projects/snic/sllstore2017078/single_cell/genomes/all_genomes/Sample_VE-3293-SC11/VE-3293-SC11_S25_L002_R1_001.fastq.gz,/cfs/klemming/projects/snic/sllstore2017078/single_cell/genomes/all_genomes/Sample_VE-3293-SC11/VE-3293-SC11_S25_L002_R2_001.fastq.gz
id_06,0,id_06,ol,/cfs/klemming/projects/snic/sllstore2017078/single_cell/genomes/all_genomes/Sample_VE-3293-SC6/VE-3293-SC6_S21_L002_R1_001.fastq.gz,/cfs/klemming/projects/snic/sllstore2017078/single_cell/genomes/all_genomes/Sample_VE-3293-SC6/VE-3293-SC6_S21_L002_R2_001.fastq.gz
id_35,0,id_35,ol,/cfs/klemming/projects/snic/sllstore2017078/single_cell/genomes/all_genomes/Sample_VE-3293-SC35/VE-3293-SC35_S49_L002_R1_001.fastq.gz,/cfs/klemming/projects/snic/sllstore2017078/single_cell/genomes/all_genomes/Sample_VE-3293-SC35/VE-3293-SC35_S49_L002_R2_001.fastq.gz
id_04,0,id_04,ol,/cfs/klemming/projects/snic/sllstore2017078/single_cell/genomes/all_genomes/Sample_VE-3293-SC4/VE-3293-SC4_S19_L002_R1_001.fastq.gz,/cfs/klemming/projects/snic/sllstore2017078/single_cell/genomes/all_genomes/Sample_VE-3293-SC4/VE-3293-SC4_S19_L002_R2_001.fastq.gz
id_01,0,id_01,ol,/cfs/klemming/projects/snic/sllstore2017078/single_cell/genomes/all_genomes/Sample_VE-3293-SC1/VE-3293-SC1_S16_L002_R1_001.fastq.gz,/cfs/klemming/projects/snic/sllstore2017078/single_cell/genomes/all_genomes/Sample_VE-3293-SC1/VE-3293-SC1_S16_L002_R2_001.fastq.gz
id_15,0,id_15,ol,/cfs/klemming/projects/snic/sllstore2017078/single_cell/genomes/all_genomes/Sample_VE-3293-SC15/VE-3293-SC15_S29_L002_R1_001.fastq.gz,/cfs/klemming/projects/snic/sllstore2017078/single_cell/genomes/all_genomes/Sample_VE-3293-SC15/VE-3293-SC15_S29_L002_R2_001.fastq.gz
id_13,0,id_13,ol,/cfs/klemming/projects/snic/sllstore2017078/single_cell/genomes/all_genomes/Sample_VE-3293-SC13/VE-3293-SC13_S27_L002_R1_001.fastq.gz,/cfs/klemming/projects/snic/sllstore2017078/single_cell/genomes/all_genomes/Sample_VE-3293-SC13/VE-3293-SC13_S27_L002_R2_001.fastq.gz
id_25,0,id_25,ol,/cfs/klemming/projects/snic/sllstore2017078/single_cell/genomes/all_genomes/Sample_VE-3293-SC25/VE-3293-SC25_S39_L002_R1_001.fastq.gz,/cfs/klemming/projects/snic/sllstore2017078/single_cell/genomes/all_genomes/Sample_VE-3293-SC25/VE-3293-SC25_S39_L002_R2_001.fastq.gz
id_43,0,id_43,ol,/cfs/klemming/projects/snic/sllstore2017078/single_cell/genomes/all_genomes/Sample_VE-3293-SC43/VE-3293-SC43_S57_L002_R1_001.fastq.gz,/cfs/klemming/projects/snic/sllstore2017078/single_cell/genomes/all_genomes/Sample_VE-3293-SC43/VE-3293-SC43_S57_L002_R2_001.fastq.gz
id_40,0,id_40,ol,/cfs/klemming/projects/snic/sllstore2017078/single_cell/genomes/all_genomes/Sample_VE-3293-SC40/VE-3293-SC40_S54_L002_R1_001.fastq.gz,/cfs/klemming/projects/snic/sllstore2017078/single_cell/genomes/all_genomes/Sample_VE-3293-SC40/VE-3293-SC40_S54_L002_R2_001.fastq.gz
id_07,0,id_07,ol,/cfs/klemming/projects/snic/sllstore2017078/single_cell/genomes/all_genomes/Sample_VE-3293-SC7/VE-3293-SC7_S22_L002_R1_001.fastq.gz,/cfs/klemming/projects/snic/sllstore2017078/single_cell/genomes/all_genomes/Sample_VE-3293-SC7/VE-3293-SC7_S22_L002_R2_001.fastq.gz
id_18,0,id_18,ol,/cfs/klemming/projects/snic/sllstore2017078/single_cell/genomes/all_genomes/Sample_VE-3293-SC18/VE-3293-SC18_S32_L002_R1_001.fastq.gz,/cfs/klemming/projects/snic/sllstore2017078/single_cell/genomes/all_genomes/Sample_VE-3293-SC18/VE-3293-SC18_S32_L002_R2_001.fastq.gz
id_03,0,id_03,ol,/cfs/klemming/projects/snic/sllstore2017078/single_cell/genomes/all_genomes/Sample_VE-3293-SC3/VE-3293-SC3_S18_L002_R1_001.fastq.gz,/cfs/klemming/projects/snic/sllstore2017078/single_cell/genomes/all_genomes/Sample_VE-3293-SC3/VE-3293-SC3_S18_L002_R2_001.fastq.gz
id_27,0,id_27,ol,/cfs/klemming/projects/snic/sllstore2017078/single_cell/genomes/all_genomes/Sample_VE-3293-SC27/VE-3293-SC27_S41_L002_R1_001.fastq.gz,/cfs/klemming/projects/snic/sllstore2017078/single_cell/genomes/all_genomes/Sample_VE-3293-SC27/VE-3293-SC27_S41_L002_R2_001.fastq.gz
id_33,0,id_33,ol,/cfs/klemming/projects/snic/sllstore2017078/single_cell/genomes/all_genomes/Sample_VE-3293-SC33/VE-3293-SC33_S47_L002_R1_001.fastq.gz,/cfs/klemming/projects/snic/sllstore2017078/single_cell/genomes/all_genomes/Sample_VE-3293-SC33/VE-3293-SC33_S47_L002_R2_001.fastq.gz
id_20,0,id_20,ol,/cfs/klemming/projects/snic/sllstore2017078/single_cell/genomes/all_genomes/Sample_VE-3293-SC20/VE-3293-SC20_S34_L002_R1_001.fastq.gz,/cfs/klemming/projects/snic/sllstore2017078/single_cell/genomes/all_genomes/Sample_VE-3293-SC20/VE-3293-SC20_S34_L002_R2_001.fastq.gz
